rank,file,t_sec,score,U,A,D,n_boxes,n_ambiguous,empty,selected
1,frame_0076.jpg,30.4,0.8439,0.9198,0.6667,0.92,9,4,False,True
2,frame_0002.jpg,0.8,0.8101,0.7202,0.8333,1.0,8,5,False,True
3,frame_0181.jpg,72.4,0.7399,0.8637,1.0,0.04,7,6,False,True
4,frame_0300.jpg,120.0,0.7334,0.7749,0.8333,0.48,8,5,False,True
5,frame_0017.jpg,6.8,0.7225,0.6449,0.6667,1.0,6,4,False,True
6,frame_0299.jpg,119.6,0.7215,0.7351,0.8333,0.52,9,5,False,False
7,frame_0022.jpg,8.8,0.7169,0.5339,0.8333,1.0,5,5,False,True
8,frame_0080.jpg,32.0,0.7145,0.625,0.8333,0.76,8,5,False,False
9,frame_0001.jpg,0.4,0.7105,0.6209,0.6667,1.0,9,4,False,False
10,frame_0003.jpg,1.2,0.7019,0.7037,0.5,1.0,7,3,False,False
11,frame_0018.jpg,7.2,0.6885,0.6771,0.5,1.0,8,3,False,False
12,frame_0032.jpg,12.8,0.6874,0.5747,0.6667,1.0,7,4,False,True
13,frame_0383.jpg,153.2,0.6787,0.8094,0.8333,0.12,8,5,False,True
14,frame_0388.jpg,155.2,0.6782,0.7925,0.8333,0.16,13,5,False,True
15,frame_0329.jpg,131.6,0.6779,0.7237,1.0,0.08,12,6,False,True
16,frame_0391.jpg,156.4,0.6643,0.8126,0.8333,0.04,13,5,False,False
17,frame_0132.jpg,52.8,0.6515,0.703,0.3333,1.0,8,2,False,True
18,frame_0016.jpg,6.4,0.6427,0.6854,0.3333,1.0,8,2,False,False
19,frame_0170.jpg,68.0,0.6397,0.6874,0.6667,0.48,8,4,False,True
20,frame_0030.jpg,12.0,0.6394,0.5787,0.5,1.0,8,3,False,False
21,frame_0375.jpg,150.0,0.6353,0.7905,0.6667,0.2,11,4,False,False
22,frame_0316.jpg,126.4,0.6334,0.8027,0.6667,0.16,8,4,False,False
23,frame_0167.jpg,66.8,0.6308,0.6216,0.6667,0.6,6,4,False,False
24,frame_0000.jpg,0.0,0.625,0.65,0.3333,1.0,8,2,False,False
25,frame_0168.jpg,67.2,0.625,0.726,0.5,0.56,7,3,False,False
26,frame_0004.jpg,1.6,0.6242,0.6484,0.3333,1.0,5,2,False,False
27,frame_0291.jpg,116.4,0.6239,0.6117,0.5,0.84,9,3,False,False
28,frame_0374.jpg,149.6,0.6228,0.7656,0.6667,0.2,10,4,False,False
29,frame_0090.jpg,36.0,0.6202,0.5964,0.8333,0.36,7,5,False,False
30,frame_0307.jpg,122.8,0.6147,0.8494,0.5,0.2,9,3,False,False
31,frame_0321.jpg,128.4,0.6117,0.6435,0.8333,0.2,9,5,False,False
32,frame_0288.jpg,115.2,0.6093,0.6306,0.5,0.72,10,3,False,False
33,frame_0084.jpg,33.6,0.6067,0.8733,0.1667,0.6,3,1,False,False
34,frame_0009.jpg,3.6,0.6061,0.7122,0.1667,1.0,3,1,False,False
35,frame_0021.jpg,8.4,0.6043,0.6087,0.3333,1.0,6,2,False,False
36,frame_0026.jpg,10.4,0.6042,0.5084,0.5,1.0,6,3,False,False
37,frame_0011.jpg,4.4,0.6028,0.8055,0.0,1.0,3,0,False,False
38,frame_0075.jpg,30.0,0.6024,0.6209,0.3333,0.96,9,2,False,False
39,frame_0333.jpg,133.2,0.6005,0.869,0.5,0.08,8,3,False,False
40,frame_0086.jpg,34.4,0.6003,0.6926,0.5,0.52,6,3,False,False
41,frame_0067.jpg,26.8,0.5981,0.4963,0.5,1.0,7,3,False,False
42,frame_0292.jpg,116.8,0.5977,0.6754,0.3333,0.8,9,2,False,False
43,frame_0124.jpg,49.6,0.5942,0.7164,0.3333,0.68,7,2,False,False
44,frame_0372.jpg,148.8,0.5938,0.7396,0.6667,0.12,11,4,False,False
45,frame_0029.jpg,11.6,0.5927,0.6854,0.1667,1.0,5,1,False,False
46,frame_0031.jpg,12.4,0.5926,0.5853,0.3333,1.0,10,2,False,False
47,frame_0294.jpg,117.6,0.5896,0.6913,0.3333,0.72,5,2,False,False
48,frame_0014.jpg,5.6,0.5894,0.5788,0.3333,1.0,5,2,False,False
49,frame_0319.jpg,127.6,0.5866,0.6611,0.6667,0.28,9,4,False,False
50,frame_0169.jpg,67.6,0.5857,0.6635,0.5,0.52,7,3,False,False
51,frame_0188.jpg,75.2,0.5853,0.7546,0.6667,0.04,10,4,False,False
52,frame_0378.jpg,151.2,0.5851,0.7381,0.6667,0.08,11,4,False,False
53,frame_0186.jpg,74.4,0.5777,0.7394,0.6667,0.04,10,4,False,False
54,frame_0200.jpg,80.0,0.5746,0.8411,0.1667,0.52,2,1,False,False
55,frame_0079.jpg,31.6,0.5726,0.5253,0.5,0.8,7,3,False,False
56,frame_0171.jpg,68.4,0.5715,0.667,0.5,0.44,7,3,False,False
57,frame_0089.jpg,35.6,0.5694,0.6788,0.5,0.4,7,3,False,False
58,frame_0127.jpg,50.8,0.5683,0.7166,0.1667,0.8,8,1,False,False
59,frame_0082.jpg,32.8,0.5677,0.5634,0.5,0.68,6,3,False,False
60,frame_0232.jpg,92.8,0.5662,0.7524,0.5,0.2,9,3,False,False
61,frame_0115.jpg,46.0,0.5654,0.7028,0.5,0.32,8,3,False,False
62,frame_0074.jpg,29.6,0.5617,0.6234,0.1667,1.0,7,1,False,False
63,frame_0379.jpg,151.6,0.5599,0.7037,0.6667,0.04,11,4,False,False
64,frame_0223.jpg,89.2,0.559,0.754,0.5,0.16,8,3,False,False
65,frame_0373.jpg,149.2,0.559,0.554,0.8333,0.16,11,5,False,False
66,frame_0130.jpg,52.0,0.5589,0.6497,0.1667,0.92,4,1,False,False
67,frame_0230.jpg,92.0,0.5575,0.6669,0.6667,0.12,13,4,False,False
68,frame_0096.jpg,38.4,0.5539,0.6598,0.6667,0.12,8,4,False,False
69,frame_0033.jpg,13.2,0.5531,0.5063,0.3333,1.0,8,2,False,False
70,frame_0371.jpg,148.4,0.5502,0.6684,0.6667,0.08,10,4,False,False
71,frame_0328.jpg,131.2,0.5494,0.7669,0.5,0.08,14,3,False,False
72,frame_0231.jpg,92.4,0.5493,0.7346,0.5,0.16,9,3,False,False
73,frame_0077.jpg,30.8,0.5382,0.6243,0.1667,0.88,7,1,False,False
74,frame_0133.jpg,53.2,0.5377,0.5754,0.1667,1.0,9,1,False,False
75,frame_0013.jpg,5.2,0.5369,0.4738,0.3333,1.0,4,2,False,False
76,frame_0069.jpg,27.6,0.5361,0.5722,0.1667,1.0,6,1,False,False
77,frame_0277.jpg,110.8,0.5347,0.7574,0.3333,0.28,8,2,False,False
78,frame_0129.jpg,51.6,0.5339,0.5159,0.3333,0.88,6,2,False,False
79,frame_0193.jpg,77.2,0.5332,0.5703,0.6667,0.24,8,4,False,False
80,frame_0005.jpg,2.0,0.5326,0.5651,0.1667,1.0,6,1,False,False
81,frame_0322.jpg,128.8,0.5316,0.7993,0.3333,0.16,9,2,False,False
82,frame_0201.jpg,80.4,0.5298,0.7355,0.1667,0.56,4,1,False,False
83,frame_0278.jpg,111.2,0.5288,0.7296,0.3333,0.32,8,2,False,False
84,frame_0012.jpg,4.8,0.5286,0.5571,0.1667,1.0,4,1,False,False
85,frame_0174.jpg,69.6,0.5282,0.5283,0.6667,0.32,10,4,False,False
86,frame_0109.jpg,43.6,0.5272,0.6224,0.6667,0.08,9,4,False,False
87,frame_0225.jpg,90.0,0.5272,0.7223,0.5,0.08,8,3,False,False
88,frame_0306.jpg,122.4,0.5224,0.7489,0.3333,0.24,7,2,False,False
89,frame_0007.jpg,2.8,0.5219,0.5438,0.1667,1.0,5,1,False,False
90,frame_0304.jpg,121.6,0.5209,0.6138,0.5,0.32,7,3,False,False
91,frame_0114.jpg,45.6,0.5199,0.6278,0.5,0.28,7,3,False,False
92,frame_0128.jpg,51.2,0.5191,0.5022,0.3333,0.84,8,2,False,False
93,frame_0027.jpg,10.8,0.5187,0.5373,0.1667,1.0,4,1,False,False
94,frame_0173.jpg,69.2,0.5187,0.6935,0.3333,0.36,7,2,False,False
95,frame_0305.jpg,122.0,0.5186,0.7252,0.3333,0.28,6,2,False,False
96,frame_0083.jpg,33.2,0.5177,0.5795,0.3333,0.64,3,2,False,False
97,frame_0068.jpg,27.2,0.5175,0.535,0.1667,1.0,10,1,False,False
98,frame_0081.jpg,32.4,0.5175,0.547,0.3333,0.72,6,2,False,False
99,frame_0395.jpg,158.0,0.5174,0.4868,0.8333,0.12,9,5,False,False
100,frame_0318.jpg,127.2,0.5163,0.5365,0.6667,0.24,10,4,False,False
101,frame_0120.jpg,48.0,0.5145,0.521,0.5,0.52,5,3,False,False
102,frame_0108.jpg,43.2,0.514,0.6119,0.6667,0.04,10,4,False,False
103,frame_0377.jpg,150.8,0.513,0.778,0.3333,0.12,11,2,False,False
104,frame_0308.jpg,123.2,0.5123,0.7607,0.3333,0.16,8,2,False,False
105,frame_0281.jpg,112.4,0.5112,0.5465,0.5,0.44,7,3,False,False
106,frame_0078.jpg,31.2,0.5108,0.4857,0.3333,0.84,7,2,False,False
107,frame_0180.jpg,72.0,0.5071,0.6823,0.5,0.08,8,3,False,False
108,frame_0006.jpg,2.4,0.5035,0.407,0.3333,1.0,5,2,False,False
109,frame_0015.jpg,6.0,0.4959,0.5918,0.0,1.0,4,0,False,False
110,frame_0172.jpg,68.8,0.4956,0.5313,0.5,0.4,5,3,False,False
111,frame_0213.jpg,85.2,0.4952,0.4664,0.5,0.56,5,3,False,False
112,frame_0398.jpg,159.2,0.4952,0.5944,0.5,0.24,10,3,False,False
113,frame_0396.jpg,158.4,0.4951,0.6262,0.5,0.16,9,3,False,False
114,frame_0295.jpg,118.0,0.4941,0.6162,0.1667,0.68,6,1,False,False
115,frame_0384.jpg,153.6,0.4937,0.6234,0.5,0.16,10,3,False,False
116,frame_0367.jpg,146.8,0.4933,0.7546,0.3333,0.08,10,2,False,False
117,frame_0125.jpg,50.0,0.4903,0.4926,0.3333,0.72,8,2,False,False
118,frame_0215.jpg,86.0,0.4901,0.5883,0.3333,0.48,4,2,False,False
119,frame_0098.jpg,39.2,0.49,0.6641,0.5,0.04,7,3,False,False
120,frame_0126.jpg,50.4,0.4897,0.5754,0.1667,0.76,7,1,False,False
121,frame_0381.jpg,152.4,0.4894,0.6628,0.5,0.04,8,3,False,False
122,frame_0284.jpg,113.6,0.4893,0.5547,0.3333,0.56,6,2,False,False
123,frame_0332.jpg,132.8,0.4884,0.6608,0.5,0.04,10,3,False,False
124,frame_0287.jpg,114.8,0.4879,0.5039,0.3333,0.68,8,2,False,False
125,frame_0399.jpg,159.6,0.4878,0.7635,0.1667,0.28,9,1,False,False
126,frame_0073.jpg,29.2,0.4865,0.473,0.1667,1.0,6,1,False,False
127,frame_0293.jpg,117.2,0.4865,0.469,0.3333,0.76,6,2,False,False
128,frame_0286.jpg,114.4,0.4853,0.6145,0.1667,0.64,9,1,False,False
129,frame_0302.jpg,120.8,0.4844,0.7087,0.1667,0.4,10,1,False,False
130,frame_0382.jpg,152.8,0.4831,0.6342,0.5,0.08,11,3,False,False
131,frame_0119.jpg,47.6,0.4805,0.5691,0.3333,0.48,4,2,False,False
132,frame_0209.jpg,83.6,0.4804,0.4728,0.3333,0.72,4,2,False,False
133,frame_0008.jpg,3.2,0.4798,0.4596,0.1667,1.0,4,1,False,False
134,frame_0205.jpg,82.0,0.4796,0.5712,0.1667,0.72,2,1,False,False
135,frame_0071.jpg,28.4,0.4751,0.4502,0.1667,1.0,6,1,False,False
136,frame_0195.jpg,78.0,0.4747,0.6214,0.3333,0.32,5,2,False,False
137,frame_0387.jpg,154.8,0.4717,0.7633,0.1667,0.2,13,1,False,False
138,frame_0272.jpg,108.8,0.4708,0.6097,0.5,0.08,8,3,False,False
139,frame_0368.jpg,147.2,0.4703,0.7246,0.3333,0.04,12,2,False,False
140,frame_0370.jpg,148.0,0.4703,0.6246,0.5,0.04,9,3,False,False
141,frame_0385.jpg,154.0,0.4691,0.7581,0.1667,0.2,11,1,False,False
142,frame_0176.jpg,70.4,0.4689,0.6418,0.3333,0.24,8,2,False,False
143,frame_0219.jpg,87.6,0.4678,0.5076,0.5,0.32,5,3,False,False
144,frame_0105.jpg,42.0,0.4669,0.8018,0.1667,0.08,7,1,False,False
145,frame_0192.jpg,76.8,0.4648,0.4496,0.6667,0.2,7,4,False,False
146,frame_0178.jpg,71.2,0.4643,0.5646,0.5,0.16,6,3,False,False
147,frame_0269.jpg,107.6,0.4642,0.7124,0.3333,0.04,7,2,False,False
148,frame_0208.jpg,83.2,0.4628,0.4216,0.3333,0.76,4,2,False,False
149,frame_0283.jpg,113.2,0.4621,0.4163,0.5,0.52,5,3,False,False
150,frame_0290.jpg,116.0,0.4586,0.4972,0.1667,0.8,7,1,False,False
151,frame_0310.jpg,124.0,0.4585,0.585,0.5,0.08,7,3,False,False
152,frame_0070.jpg,28.0,0.4578,0.4156,0.1667,1.0,5,1,False,False
153,frame_0206.jpg,82.4,0.4571,0.4103,0.3333,0.76,4,2,False,False
154,frame_0303.jpg,121.2,0.456,0.5681,0.3333,0.36,6,2,False,False
155,frame_0092.jpg,36.8,0.4538,0.4956,0.5,0.28,6,3,False,False
156,frame_0386.jpg,154.4,0.4535,0.5111,0.5,0.24,9,3,False,False
157,frame_0072.jpg,28.8,0.4523,0.4045,0.1667,1.0,7,1,False,False
158,frame_0028.jpg,11.2,0.451,0.4019,0.1667,1.0,5,1,False,False
159,frame_0314.jpg,125.6,0.4509,0.5698,0.5,0.08,8,3,False,False
160,frame_0207.jpg,82.8,0.4501,0.4802,0.1667,0.8,4,1,False,False
161,frame_0330.jpg,132.0,0.4479,0.6799,0.3333,0.04,9,2,False,False
162,frame_0389.jpg,155.6,0.4473,0.7465,0.1667,0.12,10,1,False,False
163,frame_0177.jpg,70.8,0.4463,0.6127,0.3333,0.2,8,2,False,False
164,frame_0191.jpg,76.4,0.4462,0.6284,0.3333,0.16,6,2,False,False
165,frame_0094.jpg,37.6,0.4455,0.511,0.5,0.2,6,3,False,False
166,frame_0194.jpg,77.6,0.4454,0.5788,0.3333,0.28,5,2,False,False
167,frame_0323.jpg,129.2,0.4424,0.5367,0.5,0.12,6,3,False,False
168,frame_0113.jpg,45.2,0.4423,0.5887,0.3333,0.24,7,2,False,False
169,frame_0268.jpg,107.2,0.4411,0.6503,0.3333,0.08,7,2,False,False
170,frame_0298.jpg,119.2,0.4391,0.4542,0.3333,0.56,6,2,False,False
171,frame_0214.jpg,85.6,0.4384,0.4688,0.3333,0.52,4,2,False,False
172,frame_0325.jpg,130.0,0.4379,0.6598,0.3333,0.04,7,2,False,False
173,frame_0315.jpg,126.0,0.4378,0.5276,0.5,0.12,8,3,False,False
174,frame_0296.jpg,118.4,0.4373,0.6185,0.0,0.64,6,0,False,False
175,frame_0179.jpg,71.6,0.4367,0.6254,0.3333,0.12,10,2,False,False
176,frame_0131.jpg,52.4,0.4311,0.3782,0.1667,0.96,5,1,False,False
177,frame_0301.jpg,120.4,0.4307,0.4854,0.3333,0.44,7,2,False,False
178,frame_0274.jpg,109.6,0.4302,0.5964,0.3333,0.16,7,2,False,False
179,frame_0276.jpg,110.4,0.4288,0.6616,0.1667,0.24,11,1,False,False
180,frame_0390.jpg,156.0,0.4277,0.6235,0.3333,0.08,11,2,False,False
181,frame_0226.jpg,90.4,0.4262,0.7364,0.1667,0.04,6,1,False,False
182,frame_0309.jpg,123.6,0.4257,0.5035,0.5,0.12,9,3,False,False
183,frame_0104.jpg,41.6,0.4254,0.6029,0.3333,0.12,6,2,False,False
184,frame_0311.jpg,124.4,0.4241,0.6323,0.3333,0.04,6,2,False,False
185,frame_0199.jpg,79.6,0.4237,0.5553,0.1667,0.48,2,1,False,False
186,frame_0121.jpg,48.4,0.4229,0.5217,0.1667,0.56,4,1,False,False
187,frame_0212.jpg,84.8,0.4225,0.5049,0.1667,0.6,4,1,False,False
188,frame_0117.jpg,46.8,0.4224,0.5848,0.1667,0.4,6,1,False,False
189,frame_0116.jpg,46.4,0.4208,0.5976,0.1667,0.36,8,1,False,False
190,frame_0097.jpg,38.8,0.4204,0.7088,0.1667,0.08,7,1,False,False
191,frame_0202.jpg,80.8,0.42,0.6,0.0,0.6,5,0,False,False
192,frame_0327.jpg,130.8,0.4153,0.7145,0.1667,0.04,13,1,False,False
193,frame_0317.jpg,126.8,0.4145,0.5491,0.3333,0.2,9,2,False,False
194,frame_0197.jpg,78.8,0.413,0.5659,0.1667,0.4,2,1,False,False
195,frame_0095.jpg,38.0,0.4128,0.6616,0.1667,0.16,7,1,False,False
196,frame_0275.jpg,110.0,0.4111,0.6421,0.1667,0.2,9,1,False,False
197,frame_0020.jpg,8.0,0.4088,0.4175,0.0,1.0,5,0,False,False
198,frame_0393.jpg,157.2,0.4085,0.6011,0.3333,0.04,9,2,False,False
199,frame_0285.jpg,114.0,0.4074,0.4747,0.1667,0.6,5,1,False,False
200,frame_0110.jpg,44.0,0.4067,0.3653,0.6667,0.12,5,4,False,False
201,frame_0221.jpg,88.4,0.4059,0.5159,0.3333,0.24,7,2,False,False
202,frame_0282.jpg,112.8,0.4042,0.5163,0.1667,0.48,6,1,False,False
203,frame_0100.jpg,40.0,0.4039,0.4918,0.5,0.04,8,3,False,False
204,frame_0010.jpg,4.0,0.4,0.2999,0.1667,1.0,4,1,False,False
205,frame_0217.jpg,86.8,0.3981,0.4363,0.3333,0.4,4,2,False,False
206,frame_0233.jpg,93.2,0.3962,0.5964,0.1667,0.24,8,1,False,False
207,frame_0297.jpg,118.8,0.3942,0.3484,0.3333,0.6,6,2,False,False
208,frame_0183.jpg,73.2,0.3928,0.5697,0.3333,0.04,5,2,False,False
209,frame_0024.jpg,9.6,0.3917,0.2833,0.1667,1.0,4,1,False,False
210,frame_0023.jpg,9.2,0.3905,0.381,0.0,1.0,4,0,False,False
211,frame_0085.jpg,34.0,0.389,0.4539,0.1667,0.56,6,1,False,False
212,frame_0122.jpg,48.8,0.3884,0.4367,0.1667,0.6,5,1,False,False
213,frame_0189.jpg,75.6,0.3871,0.5423,0.3333,0.08,8,2,False,False
214,frame_0280.jpg,112.0,0.3848,0.5096,0.1667,0.4,6,1,False,False
215,frame_0273.jpg,109.2,0.3844,0.5209,0.3333,0.12,8,2,False,False
216,frame_0091.jpg,36.4,0.3819,0.4358,0.3333,0.32,7,2,False,False
217,frame_0203.jpg,81.2,0.381,0.506,0.0,0.64,4,0,False,False
218,frame_0271.jpg,108.4,0.3804,0.6447,0.1667,0.04,6,1,False,False
219,frame_0123.jpg,49.2,0.3796,0.5032,0.0,0.64,6,0,False,False
220,frame_0019.jpg,7.6,0.3786,0.3572,0.0,1.0,2,0,False,False
221,frame_0025.jpg,10.0,0.378,0.356,0.0,1.0,5,0,False,False
222,frame_0204.jpg,81.6,0.3749,0.3777,0.1667,0.68,2,1,False,False
223,frame_0229.jpg,91.6,0.3748,0.7175,0.0,0.08,8,0,False,False
224,frame_0210.jpg,84.0,0.3732,0.3744,0.1667,0.68,4,1,False,False
225,frame_0211.jpg,84.4,0.371,0.386,0.1667,0.64,4,1,False,False
226,frame_0289.jpg,115.6,0.3639,0.3238,0.1667,0.76,6,1,False,False
227,frame_0267.jpg,106.8,0.3629,0.4778,0.3333,0.12,5,2,False,False
228,frame_0320.jpg,128.0,0.3628,0.4296,0.3333,0.24,10,2,False,False
229,frame_0216.jpg,86.4,0.3528,0.4295,0.1667,0.44,4,1,False,False
230,frame_0222.jpg,88.8,0.352,0.4241,0.3333,0.2,8,2,False,False
231,frame_0093.jpg,37.2,0.3511,0.4063,0.3333,0.24,6,2,False,False
232,frame_0397.jpg,158.8,0.3502,0.5204,0.1667,0.2,8,1,False,False
233,frame_0228.jpg,91.2,0.3476,0.3792,0.5,0.04,7,3,False,False
234,frame_0324.jpg,129.6,0.3464,0.5608,0.1667,0.08,6,1,False,False
235,frame_0101.jpg,40.4,0.344,0.556,0.1667,0.08,8,1,False,False
236,frame_0196.jpg,78.4,0.3435,0.543,0.0,0.36,3,0,False,False
237,frame_0190.jpg,76.0,0.3386,0.5291,0.1667,0.12,5,1,False,False
238,frame_0102.jpg,40.8,0.3363,0.4247,0.3333,0.12,6,2,False,False
239,frame_0394.jpg,157.6,0.3351,0.5382,0.1667,0.08,8,1,False,False
240,frame_0106.jpg,42.4,0.3327,0.5493,0.1667,0.04,8,1,False,False
241,frame_0111.jpg,44.4,0.3306,0.5973,0.0,0.16,6,0,False,False
242,frame_0103.jpg,41.2,0.3289,0.4938,0.1667,0.16,5,1,False,False
243,frame_0184.jpg,73.6,0.3275,0.5229,0.1667,0.08,7,1,False,False
244,frame_0087.jpg,34.8,0.3266,0.4612,0.0,0.48,5,0,False,False
245,frame_0376.jpg,150.4,0.311,0.458,0.1667,0.16,7,1,False,False
246,frame_0185.jpg,74.0,0.3102,0.3885,0.3333,0.08,11,2,False,False
247,frame_0279.jpg,111.6,0.2991,0.4542,0.0,0.36,6,0,False,False
248,frame_0118.jpg,47.2,0.296,0.416,0.0,0.44,4,0,False,False
249,frame_0218.jpg,87.2,0.2933,0.3426,0.1667,0.36,5,1,False,False
250,frame_0112.jpg,44.8,0.286,0.392,0.1667,0.2,5,1,False,False
251,frame_0224.jpg,89.6,0.2846,0.4212,0.1667,0.12,6,1,False,False
252,frame_0088.jpg,35.2,0.2751,0.3741,0.0,0.44,6,0,False,False
253,frame_0198.jpg,79.2,0.256,0.2359,0.1667,0.44,4,1,False,False
254,frame_0175.jpg,70.0,0.2544,0.3967,0.0,0.28,8,0,False,False
255,frame_0220.jpg,88.0,0.2418,0.2715,0.1667,0.28,5,1,False,False
256,frame_0313.jpg,125.2,0.221,0.326,0.1667,0.04,6,1,False,False
